{
  "s_values": [
    1.0,
    1.05,
    1.1,
    1.15,
    1.2,
    1.25,
    1.3,
    1.35,
    1.4,
    1.45,
    1.5,
    1.55,
    1.6,
    1.65,
    1.7000000000000002,
    1.75,
    1.8,
    1.85,
    1.9,
    1.9500000000000002,
    2.0,
    2.05,
    2.1,
    2.1500000000000004,
    2.2,
    2.25,
    2.3,
    2.35,
    2.4000000000000004,
    2.45,
    2.5,
    2.55,
    2.6,
    2.6500000000000004,
    2.7,
    2.75,
    2.8,
    2.85,
    2.9000000000000004,
    2.95,
    3.0
  ],
  "ratios_phi2v": [
    0.8872127138830064,
    0.8693711780920104,
    0.8510460274983107,
    0.8325603990107089,
    0.8142084958351826,
    0.7962392312773127,
    0.7788482012217799,
    0.7621769544308872,
    0.7463175261596908,
    0.7313199945316854,
    0.7172011500483944,
    0.703952931395759,
    0.691549846835949,
    0.6799550501391334,
    0.6691250405416369,
    0.6590131247456384,
    0.6495718512965585,
    0.6407546396753508,
    0.6325168061984899,
    0.624816155158478,
    0.6176132676495734,
    0.6108715878336047,
    0.6045573792293696,
    0.5986396022828032,
    0.5930897484089204,
    0.5878816539706037,
    0.5829913093229623,
    0.5783966722625449,
    0.5740774912899326,
    0.5700151414883037,
    0.5661924741400012,
    0.562593680156916,
    0.5592041667811384,
    0.5560104466744634,
    0.5530000383587759,
    0.5501613769261097,
    0.547483733961816,
    0.5449571456869735,
    0.5425723484077554,
    0.5403207204479026,
    0.5381942298285332
  ],
  "ratios_phie": [
    0.8019375930518808,
    0.7761040151456627,
    0.7503518919096039,
    0.7251299535894301,
    0.7008109255101883,
    0.677677043914617,
    0.6559184208945126,
    0.6356411254696962,
    0.616881048526485,
    0.5996199620868162,
    0.5838011316298484,
    0.5693429121093408,
    0.5561496592974964,
    0.5441199084130226,
    0.5331521232043686,
    0.5231484664074121,
    0.5140170609646242,
    0.5056731613013314,
    0.4980395767022115,
    0.49104660870612904,
    0.4846316934317556,
    0.4787388821941339,
    0.4733182498346004,
    0.4683252881135953,
    0.4637203189520247,
    0.45946794695405835,
    0.4555365605425577,
    0.4518978846383396,
    0.4485265839511911,
    0.4453999137792778,
    0.4424974141392377,
    0.43980064266266916,
    0.43729294172086197,
    0.4349592354977635,
    0.43278585310549933,
    0.4307603742552981,
    0.42887149441650596,
    0.4271089067934201,
    0.4254631988119083,
    0.4239257611304685,
    0.42248870747326794
  ],
  "ratios_qtre": [
    0.794232846434785,
    0.7676075818497903,
    0.7411643800718379,
    0.7153695449318704,
    0.6906052905221831,
    0.667155746554381,
    0.6452065589223992,
    0.6248545812631696,
    0.6061233982652788,
    0.5889808648260291,
    0.5733559024511075,
    0.5591529540599156,
    0.5462634557214847,
    0.5345743317394694,
    0.523973877677084,
    0.5143555386387691,
    0.5056200982616875,
    0.4976767323699492,
    0.4904432937193072,
    0.4838461058588233,
    0.4778194669429805,
    0.47230500240944756,
    0.467250958571511,
    0.46261149523486295,
    0.4583460117645611,
    0.4544185250582549,
    0.4507971074889309,
    0.4474533863913482,
    0.44436210283260996,
    0.4415007253298754,
    0.43884911322761394,
    0.43638922419301623,
    0.43410486044415175,
    0.4319814487040555,
    0.4300058493564106,
    0.4281661907920877,
    0.4264517254378838,
    0.4248527044263413,
    0.42336026828765133,
    0.4219663514179924,
    0.4206635984041971
  ],
  "phi": 1.618033988749895,
  "one_over_phi": 0.6180339887498948,
  "one_over_24": 0.041666666666666664,
  "casimir_ratio": 1.0056758029394006
}